{"keymap_db_version":20,"app_version":118,"keymap_list":[{"actionList":[{"data":"61","extras":[{"data":"16","id":"extra_meta_state"}],"flags":4,"type":"KEY_EVENT","uid":"3c005b49-94e6-4ebd-910b-66839e445ca4"}],"constraintList":[],"constraintMode":1,"flags":0,"group_uid":"e70eb467-8ed7-486e-8200-eaf2b9526c66","id":1,"isEnabled":false,"trigger":{"extras":[],"flags":0,"keys":[{"clickType":0,"deviceId":"io.github.sds100.keymapper.ANY_DEVICE","flags":1,"keyCode":57,"uid":"3a338f11-963d-49f7-a60e-e0d6f15c276e"},{"clickType":0,"deviceId":"io.github.sds100.keymapper.ANY_DEVICE","flags":0,"keyCode":61,"uid":"b40a9bc1-9404-48ad-a97e-b399d4cbf5db"}],"mode":0},"uid":"357a4f96-acd9-4d9e-9ad8-9460c424ed5b"},{"actionList":[{"data":"25","extras":[],"flags":4,"type":"KEY_EVENT","uid":"52a80f9e-9fad-4656-88d3-9822f027265a"}],"constraintList":[],"constraintMode":1,"flags":0,"group_uid":"a42f13a1-2b0d-4b63-a34a-975154253874","id":2,"isEnabled":true,"trigger":{"extras":[],"flags":0,"keys":[{"clickType":0,"deviceId":"io.github.sds100.keymapper.THIS_DEVICE","flags":2,"keyCode":25,"uid":"17e35bed-92d8-44c7-8445-2870aa19e24a"}],"mode":2},"uid":"fe169e92-6021-4f67-ac2d-c376e5d3ca5a"},{"actionList":[{"data":"24","extras":[],"flags":4,"type":"KEY_EVENT","uid":"b3f37fd4-43f2-47b0-aa12-0fc473fa6e74"}],"constraintList":[],"constraintMode":1,"flags":0,"group_uid":"a42f13a1-2b0d-4b63-a34a-975154253874","id":3,"isEnabled":true,"trigger":{"extras":[],"flags":0,"keys":[{"clickType":0,"deviceId":"io.github.sds100.keymapper.THIS_DEVICE","flags":2,"keyCode":24,"uid":"dfe6782e-ecad-45dc-ab07-0b68d5607139"}],"mode":2},"uid":"73b00c37-e55a-4003-b2dd-85b7a1022509"},{"actionList":[{"data":"consume_key_event","extras":[],"flags":0,"type":"SYSTEM_ACTION","uid":"9021e5e7-938c-4656-9f4e-b14833a8e8c3"}],"constraintList":[],"constraintMode":1,"flags":0,"group_uid":"fcf5865e-4b2e-40f0-9dbe-0edc75523c36","id":4,"isEnabled":true,"trigger":{"extras":[],"flags":0,"keys":[{"clickType":0,"deviceId":"io.github.sds100.keymapper.ANY_DEVICE","flags":1,"keyCode":113,"uid":"4154ff6c-fc48-410b-86e7-8327ec0e36c9"},{"clickType":0,"deviceId":"io.github.sds100.keymapper.ANY_DEVICE","flags":0,"keyCode":59,"uid":"3a0e3778-9d99-4936-8636-074d48fe49d3"}],"mode":0},"uid":"ae742e19-e818-4974-a937-4fefb3941293"},{"actionList":[{"data":"62","extras":[{"data":"131072","id":"extra_meta_state"}],"flags":4,"type":"KEY_EVENT","uid":"c1bdb8fa-3ad3-4dc1-ae2e-ab11c005cd3e"}],"constraintList":[],"constraintMode":1,"flags":0,"group_uid":"e70eb467-8ed7-486e-8200-eaf2b9526c66","id":5,"isEnabled":false,"trigger":{"extras":[],"flags":0,"keys":[{"clickType":0,"deviceId":"io.github.sds100.keymapper.ANY_DEVICE","flags":1,"keyCode":117,"uid":"8ca30d35-fd73-44ac-8218-fea3a9e44e29"},{"clickType":0,"deviceId":"io.github.sds100.keymapper.ANY_DEVICE","flags":0,"keyCode":62,"uid":"f8087868-027e-432c-925d-87e371d3092b"}],"mode":0},"uid":"66beaf39-4595-416b-b567-ff7cdce10950"},{"actionList":[{"data":"117","extras":[{"data":"8192","id":"extra_meta_state"}],"flags":8,"type":"KEY_EVENT","uid":"7c4da303-de58-4261-bef3-618981a7ea09"}],"constraintList":[],"constraintMode":1,"flags":0,"group_uid":"e70eb467-8ed7-486e-8200-eaf2b9526c66","id":6,"isEnabled":false,"trigger":{"extras":[],"flags":0,"keys":[{"clickType":0,"deviceId":"io.github.sds100.keymapper.ANY_DEVICE","flags":1,"keyCode":113,"uid":"ed3c2836-cf64-40b4-b4cc-8775fdd31efa"},{"clickType":0,"deviceId":"io.github.sds100.keymapper.ANY_DEVICE","flags":1,"keyCode":117,"uid":"5d0d5b46-69bf-4be5-8650-db29601eba92"}],"mode":0},"uid":"32d150e8-92b1-4101-8484-069497108384"},{"actionList":[{"data":"117","extras":[{"data":"8192","id":"extra_meta_state"}],"flags":8,"type":"KEY_EVENT","uid":"e0872c08-94f0-4b45-86e8-0be820812fb4"}],"constraintList":[],"constraintMode":1,"flags":0,"group_uid":"e70eb467-8ed7-486e-8200-eaf2b9526c66","id":7,"isEnabled":false,"trigger":{"extras":[],"flags":0,"keys":[{"clickType":0,"deviceId":"io.github.sds100.keymapper.ANY_DEVICE","flags":1,"keyCode":117,"uid":"9be0ba32-3fd3-483b-a35d-b51d2c12f0d1"},{"clickType":0,"deviceId":"io.github.sds100.keymapper.ANY_DEVICE","flags":1,"keyCode":113,"uid":"6ba945c9-0199-4f16-9275-253c69f65436"}],"mode":0},"uid":"023b05d1-793b-4bd1-ae36-614ffe8f620c"},{"actionList":[{"data":"68","extras":[{"data":"8208","id":"extra_meta_state"}],"flags":4,"type":"KEY_EVENT","uid":"a897e763-bcc3-4713-b9af-30d29f1920e6"}],"constraintList":[],"constraintMode":1,"flags":0,"group_uid":"e70eb467-8ed7-486e-8200-eaf2b9526c66","id":8,"isEnabled":false,"trigger":{"extras":[],"flags":0,"keys":[{"clickType":0,"deviceId":"io.github.sds100.keymapper.ANY_DEVICE","flags":1,"keyCode":113,"uid":"0b2d69df-97c9-467e-b68e-4f0bdd710042"},{"clickType":0,"deviceId":"io.github.sds100.keymapper.ANY_DEVICE","flags":1,"keyCode":57,"uid":"d1429859-37dd-4ef3-8039-14928a21e8d5"},{"clickType":0,"deviceId":"io.github.sds100.keymapper.ANY_DEVICE","flags":0,"keyCode":68,"uid":"f71a00bb-a97b-4134-b417-e172617f7518"}],"mode":0},"uid":"a27689dd-a939-4d06-8540-03be1d543bd9"},{"actionList":[{"data":"48","extras":[{"data":"131072","id":"extra_meta_state"}],"flags":4,"type":"KEY_EVENT","uid":"8f0dfc49-9ad4-4814-aaa7-8a5af8283f92"}],"constraintList":[],"constraintMode":1,"flags":0,"group_uid":"e70eb467-8ed7-486e-8200-eaf2b9526c66","id":9,"isEnabled":false,"trigger":{"extras":[],"flags":0,"keys":[{"clickType":0,"deviceId":"io.github.sds100.keymapper.ANY_DEVICE","flags":1,"keyCode":117,"uid":"337aa33e-3286-4bf9-b712-ad695886029c"},{"clickType":0,"deviceId":"io.github.sds100.keymapper.ANY_DEVICE","flags":0,"keyCode":48,"uid":"d9a2eaee-31a2-4650-a7d7-fee5bceefc77"}],"mode":0},"uid":"43326a5e-561e-4e72-8bf5-343773a0a9e0"},{"actionList":[{"data":"33","extras":[{"data":"16","id":"extra_meta_state"}],"flags":4,"type":"KEY_EVENT","uid":"de282a04-c601-4852-a463-d62c186f222a"}],"constraintList":[],"constraintMode":1,"flags":0,"group_uid":"e70eb467-8ed7-486e-8200-eaf2b9526c66","id":10,"isEnabled":false,"trigger":{"extras":[],"flags":0,"keys":[{"clickType":0,"deviceId":"cde2a6f555932b3df333728503448a0718bda840","deviceName":"Air75 BT5.0","flags":1,"keyCode":57,"uid":"81d34099-1990-4a03-b9b1-483fa545f068"},{"clickType":0,"deviceId":"cde2a6f555932b3df333728503448a0718bda840","deviceName":"Air75 BT5.0","flags":0,"keyCode":33,"uid":"422ae317-de42-482d-99eb-96dc778738cf"}],"mode":0},"uid":"b6ec29f5-8fd7-408e-acac-658a8d256075"},{"actionList":[{"data":"131","extras":[],"flags":4,"type":"KEY_EVENT","uid":"0475dc10-a381-4b1c-b36c-b791f96a1dcd"}],"constraintList":[],"constraintMode":1,"flags":0,"group_uid":"1ab8d7bd-ca24-43d2-9597-7e3cb7b00a13","id":11,"isEnabled":true,"trigger":{"extras":[],"flags":0,"keys":[{"clickType":0,"deviceId":"io.github.sds100.keymapper.ANY_DEVICE","flags":0,"keyCode":131,"uid":"ca9f58e5-9070-43e8-8032-16f2f934de34"}],"mode":2},"uid":"40ab8fec-344c-41be-9b4c-62f2815ae0ea"},{"actionList":[{"data":"132","extras":[],"flags":4,"type":"KEY_EVENT","uid":"5e9709e5-e182-4e18-bae3-21e89a1ad87e"}],"constraintList":[],"constraintMode":1,"flags":0,"group_uid":"1ab8d7bd-ca24-43d2-9597-7e3cb7b00a13","id":12,"isEnabled":true,"trigger":{"extras":[],"flags":0,"keys":[{"clickType":0,"deviceId":"io.github.sds100.keymapper.ANY_DEVICE","flags":0,"keyCode":132,"uid":"5b1a235a-8d13-4416-8a64-27261dce523b"}],"mode":2},"uid":"7e7e7b93-8a43-4507-8971-7fd9edde99cc"},{"actionList":[{"data":"133","extras":[],"flags":4,"type":"KEY_EVENT","uid":"8b8941dc-800b-49fb-8a6f-4ee5af74d120"}],"constraintList":[],"constraintMode":1,"flags":0,"group_uid":"1ab8d7bd-ca24-43d2-9597-7e3cb7b00a13","id":13,"isEnabled":true,"trigger":{"extras":[],"flags":0,"keys":[{"clickType":0,"deviceId":"io.github.sds100.keymapper.ANY_DEVICE","flags":0,"keyCode":133,"uid":"dd99b498-f0a5-4e92-bf6d-b5d3bf9a4441"}],"mode":2},"uid":"cd48547a-18b5-497c-ab50-17e8464d7c30"},{"actionList":[{"data":"134","extras":[],"flags":4,"type":"KEY_EVENT","uid":"6a49452c-a268-432c-af3d-5f99c8e6f86d"}],"constraintList":[],"constraintMode":1,"flags":0,"group_uid":"1ab8d7bd-ca24-43d2-9597-7e3cb7b00a13","id":14,"isEnabled":true,"trigger":{"extras":[],"flags":0,"keys":[{"clickType":0,"deviceId":"io.github.sds100.keymapper.ANY_DEVICE","flags":0,"keyCode":134,"uid":"200b46ca-b851-4a32-8039-73ee30caa5c7"}],"mode":2},"uid":"ef8241b7-2815-42f4-ad06-56d272e673cf"},{"actionList":[{"data":"135","extras":[],"flags":4,"type":"KEY_EVENT","uid":"79a7924b-07ae-4e49-aed1-3493fb6da6d5"}],"constraintList":[],"constraintMode":1,"flags":0,"group_uid":"1ab8d7bd-ca24-43d2-9597-7e3cb7b00a13","id":15,"isEnabled":true,"trigger":{"extras":[],"flags":0,"keys":[{"clickType":0,"deviceId":"io.github.sds100.keymapper.ANY_DEVICE","flags":0,"keyCode":135,"uid":"6fd07a61-94da-436d-805c-d11995753a54"}],"mode":2},"uid":"eb31eaec-22be-4648-8ba6-c32b3c7e9e14"},{"actionList":[{"data":"137","extras":[],"flags":4,"type":"KEY_EVENT","uid":"d7240799-993b-443d-adbe-be2ece2b8979"}],"constraintList":[],"constraintMode":1,"flags":0,"group_uid":"1ab8d7bd-ca24-43d2-9597-7e3cb7b00a13","id":16,"isEnabled":true,"trigger":{"extras":[],"flags":0,"keys":[{"clickType":0,"deviceId":"io.github.sds100.keymapper.ANY_DEVICE","flags":0,"keyCode":137,"uid":"3d261012-f2d8-49b7-8f49-bb56decfc938"}],"mode":2},"uid":"3377f871-2b1c-4142-b8b7-6df6534d7590"},{"actionList":[{"data":"138","extras":[],"flags":4,"type":"KEY_EVENT","uid":"5b44547a-a9bd-432c-9d4f-423cf6515100"}],"constraintList":[],"constraintMode":1,"flags":0,"group_uid":"1ab8d7bd-ca24-43d2-9597-7e3cb7b00a13","id":17,"isEnabled":true,"trigger":{"extras":[],"flags":0,"keys":[{"clickType":0,"deviceId":"io.github.sds100.keymapper.ANY_DEVICE","flags":0,"keyCode":138,"uid":"30d3a531-1679-475f-93d9-c4bc96dbb6ee"}],"mode":2},"uid":"b585354b-cc64-4172-a140-040958e0558c"},{"actionList":[{"data":"139","extras":[],"flags":4,"type":"KEY_EVENT","uid":"7d8e46da-129b-4ac7-a714-40aa87d24f58"}],"constraintList":[],"constraintMode":1,"flags":0,"group_uid":"1ab8d7bd-ca24-43d2-9597-7e3cb7b00a13","id":18,"isEnabled":true,"trigger":{"extras":[],"flags":0,"keys":[{"clickType":0,"deviceId":"io.github.sds100.keymapper.ANY_DEVICE","flags":0,"keyCode":139,"uid":"d121db86-7113-4853-9986-83513e4bc05f"}],"mode":2},"uid":"19d96db8-9fdd-40b3-a0ab-de1e0e8a6c07"},{"actionList":[{"data":"140","extras":[],"flags":4,"type":"KEY_EVENT","uid":"e6593203-43e4-4257-9a68-e9be2ef948f0"}],"constraintList":[],"constraintMode":1,"flags":0,"group_uid":"1ab8d7bd-ca24-43d2-9597-7e3cb7b00a13","id":19,"isEnabled":true,"trigger":{"extras":[],"flags":0,"keys":[{"clickType":0,"deviceId":"io.github.sds100.keymapper.ANY_DEVICE","flags":0,"keyCode":140,"uid":"a3ebe853-d0a8-4dcd-9e2f-418763814eef"}],"mode":2},"uid":"4f877166-6373-4a9a-bfbc-409fc5b365d8"},{"actionList":[{"data":"141","extras":[],"flags":4,"type":"KEY_EVENT","uid":"c23e2ff8-e49b-4419-8376-9a7a529afad1"}],"constraintList":[],"constraintMode":1,"flags":0,"group_uid":"1ab8d7bd-ca24-43d2-9597-7e3cb7b00a13","id":20,"isEnabled":true,"trigger":{"extras":[],"flags":0,"keys":[{"clickType":0,"deviceId":"io.github.sds100.keymapper.ANY_DEVICE","flags":0,"keyCode":141,"uid":"3b02213c-e226-465c-92d4-76de2addec97"}],"mode":2},"uid":"0bce95a5-f66a-4cd7-8163-d3504ab93415"},{"actionList":[{"data":"142","extras":[],"flags":4,"type":"KEY_EVENT","uid":"522b4a2d-41fb-4d92-83a8-6d89fe390313"}],"constraintList":[],"constraintMode":1,"flags":0,"group_uid":"1ab8d7bd-ca24-43d2-9597-7e3cb7b00a13","id":21,"isEnabled":true,"trigger":{"extras":[],"flags":0,"keys":[{"clickType":0,"deviceId":"io.github.sds100.keymapper.ANY_DEVICE","flags":0,"keyCode":142,"uid":"e2503c85-bbe5-4288-aba1-edf28b330d55"}],"mode":2},"uid":"572e5488-627e-4bad-9ebb-13adec2a5d81"},{"actionList":[{"data":"57","extras":[],"flags":8,"type":"KEY_EVENT","uid":"54b1c306-d078-4a13-89fb-75f36e900a07"}],"constraintList":[],"constraintMode":1,"flags":0,"group_uid":"5b3f2fcb-4c92-4c6b-a91b-bcd621cfd173","id":22,"isEnabled":true,"trigger":{"extras":[],"flags":0,"keys":[{"clickType":0,"deviceId":"io.github.sds100.keymapper.ANY_DEVICE","flags":1,"keyCode":57,"uid":"9422192a-9b4b-4230-ba1b-ca2440848ba9"}],"mode":2},"uid":"1eea64ce-b824-4de5-8ac3-dead3df65678"},{"actionList":[{"data":"117","extras":[],"flags":8,"type":"KEY_EVENT","uid":"0298c3fb-3760-4256-91a2-889cc639802b"}],"constraintList":[],"constraintMode":1,"flags":0,"group_uid":"5b3f2fcb-4c92-4c6b-a91b-bcd621cfd173","id":23,"isEnabled":true,"trigger":{"extras":[],"flags":0,"keys":[{"clickType":0,"deviceId":"io.github.sds100.keymapper.ANY_DEVICE","flags":1,"keyCode":117,"uid":"90f7b329-4554-4ef3-ac02-8f47007a04a4"}],"mode":2},"uid":"726cb0d0-2fa3-4a86-8b30-63ea56abff95"},{"actionList":[{"data":"59","extras":[],"flags":8,"type":"KEY_EVENT","uid":"94be000b-d371-4a38-8708-cf1448517f40"}],"constraintList":[],"constraintMode":1,"flags":0,"group_uid":"5b3f2fcb-4c92-4c6b-a91b-bcd621cfd173","id":24,"isEnabled":true,"trigger":{"extras":[],"flags":0,"keys":[{"clickType":0,"deviceId":"io.github.sds100.keymapper.ANY_DEVICE","flags":1,"keyCode":59,"uid":"2ef4da2a-b959-42f5-beaf-25937b273b4d"}],"mode":2},"uid":"2977ebc1-8709-43f5-914b-92ae1ba61148"},{"actionList":[{"data":"113","extras":[],"flags":8,"type":"KEY_EVENT","uid":"56b5ff8f-c772-4bca-801a-f36178c9fc80"}],"constraintList":[],"constraintMode":1,"flags":0,"group_uid":"5b3f2fcb-4c92-4c6b-a91b-bcd621cfd173","id":25,"isEnabled":true,"trigger":{"extras":[],"flags":0,"keys":[{"clickType":0,"deviceId":"io.github.sds100.keymapper.ANY_DEVICE","flags":1,"keyCode":113,"uid":"412e0ad4-69be-41c8-9f95-db7a2a405e23"}],"mode":2},"uid":"5c78488a-b336-48e2-a528-17ce854e0c77"},{"actionList":[{"data":"29","extras":[{"data":"131072","id":"extra_meta_state"}],"flags":4,"type":"KEY_EVENT","uid":"ce328cfb-885c-4d35-a0ec-5b5c0eb8f2bb"}],"constraintList":[],"constraintMode":1,"flags":0,"group_uid":"e70eb467-8ed7-486e-8200-eaf2b9526c66","id":26,"isEnabled":false,"trigger":{"extras":[],"flags":0,"keys":[{"clickType":0,"deviceId":"io.github.sds100.keymapper.ANY_DEVICE","flags":1,"keyCode":117,"uid":"38c53eef-fe95-4f4e-904c-190c3067ce38"},{"clickType":0,"deviceId":"io.github.sds100.keymapper.ANY_DEVICE","flags":1,"keyCode":29,"uid":"a6073b6c-a6e1-493b-80a8-444608189e5f"}],"mode":0},"uid":"f7725902-099e-4ecf-95e4-674b8205499e"},{"actionList":[{"data":"42","extras":[{"data":"131072","id":"extra_meta_state"}],"flags":4,"type":"KEY_EVENT","uid":"bff547ac-4299-4df3-8870-b3cf1f7d0a4b"}],"constraintList":[],"constraintMode":1,"flags":0,"group_uid":"e70eb467-8ed7-486e-8200-eaf2b9526c66","id":27,"isEnabled":false,"trigger":{"extras":[],"flags":0,"keys":[{"clickType":0,"deviceId":"io.github.sds100.keymapper.ANY_DEVICE","flags":1,"keyCode":117,"uid":"d0ac39ee-2acc-4e43-9603-b65f8c7773aa"},{"clickType":0,"deviceId":"io.github.sds100.keymapper.ANY_DEVICE","flags":0,"keyCode":42,"uid":"32acd5e2-393d-43c1-b78d-bcf73050955b"}],"mode":0},"uid":"f7ebf9cb-e34a-4e23-af3c-28d8f4f6179b"},{"actionList":[{"data":"33","extras":[{"data":"131072","id":"extra_meta_state"}],"flags":4,"type":"KEY_EVENT","uid":"f14ea45c-81ac-4f13-8948-d3cf5c849612"}],"constraintList":[],"constraintMode":1,"flags":0,"group_uid":"e70eb467-8ed7-486e-8200-eaf2b9526c66","id":28,"isEnabled":false,"trigger":{"extras":[],"flags":0,"keys":[{"clickType":0,"deviceId":"io.github.sds100.keymapper.ANY_DEVICE","flags":1,"keyCode":117,"uid":"cb617ef2-4654-4be4-a6d7-30f73ddd0777"},{"clickType":0,"deviceId":"io.github.sds100.keymapper.ANY_DEVICE","flags":0,"keyCode":33,"uid":"7b0a176b-56fd-43a8-afe1-9a60781f6833"}],"mode":0},"uid":"2f4dedb5-2e41-4ee2-966e-a5b61b80ca2a"},{"actionList":[{"data":"61","extras":[{"data":"131072","id":"extra_meta_state"}],"flags":4,"type":"KEY_EVENT","uid":"e5e8558c-632f-4b4c-ba80-dfc63ed5d871"}],"constraintList":[],"constraintMode":1,"flags":0,"group_uid":"e70eb467-8ed7-486e-8200-eaf2b9526c66","id":29,"isEnabled":false,"trigger":{"extras":[],"flags":0,"keys":[{"clickType":0,"deviceId":"io.github.sds100.keymapper.ANY_DEVICE","flags":1,"keyCode":117,"uid":"2e4fc1af-696b-4324-96e0-e86ade224f6c"},{"clickType":0,"deviceId":"io.github.sds100.keymapper.ANY_DEVICE","flags":0,"keyCode":61,"uid":"767888dd-091b-42a3-8810-f1d2fac0add8"}],"mode":0},"uid":"edf35d90-78ce-4658-b03c-162e5ef4b15f"},{"actionList":[{"data":"68","extras":[{"data":"4097","id":"extra_meta_state"}],"flags":4,"type":"KEY_EVENT","uid":"cb18d961-c97b-4274-b121-3d3d51e40ac1"}],"constraintList":[],"constraintMode":1,"flags":0,"group_uid":"fcf5865e-4b2e-40f0-9dbe-0edc75523c36","id":30,"isEnabled":true,"trigger":{"extras":[],"flags":0,"keys":[{"clickType":0,"deviceId":"io.github.sds100.keymapper.ANY_DEVICE","flags":1,"keyCode":113,"uid":"a855e9c3-87f6-4b08-b298-7869c11f4130"},{"clickType":0,"deviceId":"io.github.sds100.keymapper.ANY_DEVICE","flags":1,"keyCode":59,"uid":"f9c81113-aa3a-48fe-996c-9b1f69dc7aee"},{"clickType":0,"deviceId":"io.github.sds100.keymapper.ANY_DEVICE","flags":0,"keyCode":68,"uid":"8f6996a0-4c7d-44b5-aefe-16aee31db4c9"}],"mode":0},"uid":"eb5af1b6-8bbd-4c21-bbf1-c92d1e1c660a"},{"actionList":[{"data":"48","extras":[{"data":"4097","id":"extra_meta_state"}],"flags":4,"type":"KEY_EVENT","uid":"b4f4db81-027e-4b3c-aa07-9e7e224e5a9d"}],"constraintList":[],"constraintMode":1,"flags":0,"group_uid":"fcf5865e-4b2e-40f0-9dbe-0edc75523c36","id":31,"isEnabled":true,"trigger":{"extras":[],"flags":0,"keys":[{"clickType":0,"deviceId":"io.github.sds100.keymapper.ANY_DEVICE","flags":1,"keyCode":113,"uid":"0469a871-dd5c-4a18-ad33-0e88dcc1c1c8"},{"clickType":0,"deviceId":"io.github.sds100.keymapper.ANY_DEVICE","flags":1,"keyCode":59,"uid":"fd02073b-e9ee-40a0-966c-8d0a94c14f49"},{"clickType":0,"deviceId":"io.github.sds100.keymapper.ANY_DEVICE","flags":0,"keyCode":48,"uid":"96223799-5289-4315-ad13-8c3fd1cadfce"}],"mode":0},"uid":"df19382c-bff7-4457-bff5-02121f88a0e2"},{"actionList":[{"data":"33","extras":[{"data":"4097","id":"extra_meta_state"}],"flags":4,"type":"KEY_EVENT","uid":"29d8a240-d618-4f00-bb02-d4e7fc22bb7e"}],"constraintList":[],"constraintMode":1,"flags":0,"group_uid":"fcf5865e-4b2e-40f0-9dbe-0edc75523c36","id":32,"isEnabled":true,"trigger":{"extras":[],"flags":0,"keys":[{"clickType":0,"deviceId":"io.github.sds100.keymapper.ANY_DEVICE","flags":1,"keyCode":113,"uid":"1e9fece7-c176-445d-81c0-b77554863265"},{"clickType":0,"deviceId":"io.github.sds100.keymapper.ANY_DEVICE","flags":1,"keyCode":59,"uid":"925a11eb-92d4-4ee4-b998-c0b3c30f9671"},{"clickType":0,"deviceId":"io.github.sds100.keymapper.ANY_DEVICE","flags":0,"keyCode":33,"uid":"ada2eb67-0e34-4c34-aaa4-ac149fea9cc6"}],"mode":0},"uid":"3997cd51-f4ff-4b37-b28c-3711fcfc41f1"},{"actionList":[{"data":"46","extras":[{"data":"4097","id":"extra_meta_state"}],"flags":4,"type":"KEY_EVENT","uid":"b113dfee-0e91-4471-9054-d03e2357c565"}],"constraintList":[],"constraintMode":1,"flags":0,"group_uid":"fcf5865e-4b2e-40f0-9dbe-0edc75523c36","id":33,"isEnabled":true,"trigger":{"extras":[],"flags":0,"keys":[{"clickType":0,"deviceId":"io.github.sds100.keymapper.ANY_DEVICE","flags":1,"keyCode":113,"uid":"5f68c516-2fb6-4d35-96ad-906683dfb8e9"},{"clickType":0,"deviceId":"io.github.sds100.keymapper.ANY_DEVICE","flags":1,"keyCode":59,"uid":"cc13d214-2a93-4452-8bf7-c5c6488e8abf"},{"clickType":0,"deviceId":"io.github.sds100.keymapper.ANY_DEVICE","flags":0,"keyCode":46,"uid":"f37fa052-d865-4188-b36d-2796f251b030"}],"mode":0},"uid":"d17bb167-1849-417a-9db8-8afa0c78945c"},{"actionList":[{"data":"44","extras":[{"data":"4097","id":"extra_meta_state"}],"flags":4,"type":"KEY_EVENT","uid":"69eff38b-af9f-4954-969b-cc7aa255e24d"}],"constraintList":[],"constraintMode":1,"flags":0,"group_uid":"fcf5865e-4b2e-40f0-9dbe-0edc75523c36","id":34,"isEnabled":true,"trigger":{"extras":[],"flags":0,"keys":[{"clickType":0,"deviceId":"io.github.sds100.keymapper.ANY_DEVICE","flags":1,"keyCode":113,"uid":"3003a9c8-12b0-40e9-a596-1007b6abb81a"},{"clickType":0,"deviceId":"io.github.sds100.keymapper.ANY_DEVICE","flags":1,"keyCode":59,"uid":"2f89192a-ae8f-4bef-96c8-2df95cda855e"},{"clickType":0,"deviceId":"io.github.sds100.keymapper.ANY_DEVICE","flags":0,"keyCode":44,"uid":"fdc04c0d-d720-40de-8011-ad7dd193b8be"}],"mode":0},"uid":"b28d40a5-1b9c-49e0-ad3f-37e4bf3c0680"},{"actionList":[{"data":"61","extras":[{"data":"4097","id":"extra_meta_state"}],"flags":4,"type":"KEY_EVENT","uid":"67952f83-69f2-41ab-9643-eae75145c819"}],"constraintList":[],"constraintMode":1,"flags":0,"group_uid":"fcf5865e-4b2e-40f0-9dbe-0edc75523c36","id":35,"isEnabled":true,"trigger":{"extras":[],"flags":0,"keys":[{"clickType":0,"deviceId":"io.github.sds100.keymapper.ANY_DEVICE","flags":1,"keyCode":113,"uid":"fac8f426-42da-4846-a5d1-5d9d681c17fb"},{"clickType":0,"deviceId":"io.github.sds100.keymapper.ANY_DEVICE","flags":1,"keyCode":59,"uid":"28a164db-557a-4bdf-8acd-a088f310be7a"},{"clickType":0,"deviceId":"io.github.sds100.keymapper.ANY_DEVICE","flags":0,"keyCode":61,"uid":"4edf04b0-edf1-4308-90ce-7269a132ff22"}],"mode":0},"uid":"6fa511e4-ec24-4c2e-b001-b6ad7ceed02f"},{"actionList":[{"data":"45","extras":[{"data":"16","id":"extra_meta_state"}],"flags":4,"type":"KEY_EVENT","uid":"b2dd7027-d1e9-4af6-8c05-5ac8e497c08e"}],"constraintList":[],"constraintMode":1,"flags":0,"group_uid":"51527a30-eb8a-4e20-be38-69e977d4b3d7","id":36,"isEnabled":true,"trigger":{"extras":[],"flags":0,"keys":[{"clickType":0,"deviceId":"io.github.sds100.keymapper.ANY_DEVICE","flags":1,"keyCode":57,"uid":"882fe936-785c-4429-93c7-83fe3397e435"},{"clickType":0,"deviceId":"io.github.sds100.keymapper.ANY_DEVICE","flags":1,"keyCode":45,"uid":"008a7b7a-6b5f-432c-bcad-1ed4b4d83e61"}],"mode":0},"uid":"7d646f67-c7a7-43dd-bf02-4e3b64d9198f"},{"actionList":[{"data":"consume_key_event","extras":[],"flags":0,"type":"SYSTEM_ACTION","uid":"8ff0debc-aa47-43b3-bb20-da9dbbed8703"}],"constraintList":[],"constraintMode":1,"flags":0,"group_uid":"51527a30-eb8a-4e20-be38-69e977d4b3d7","id":37,"isEnabled":true,"trigger":{"extras":[],"flags":0,"keys":[{"clickType":0,"deviceId":"io.github.sds100.keymapper.ANY_DEVICE","flags":1,"keyCode":57,"uid":"c310667a-4d6d-4d6e-b084-06f9e3894c7e"},{"clickType":0,"deviceId":"io.github.sds100.keymapper.ANY_DEVICE","flags":1,"keyCode":59,"uid":"0a2546b0-8bf4-43ac-9098-72049f878661"},{"clickType":0,"deviceId":"io.github.sds100.keymapper.ANY_DEVICE","flags":1,"keyCode":45,"uid":"3a4a1456-6db3-4edc-bd69-87ca9ed6ecd9"}],"mode":0},"uid":"1fe568c3-7f39-4a95-b3a7-bb7f4a574c9f"},{"actionList":[{"data":"85","extras":[],"flags":4,"type":"KEY_EVENT","uid":"554185c9-07fc-48f1-ba40-60b8c6b7cfe6"}],"constraintList":[],"constraintMode":1,"flags":0,"group_uid":"a42f13a1-2b0d-4b63-a34a-975154253874","id":38,"isEnabled":true,"trigger":{"extras":[],"flags":0,"keys":[{"clickType":0,"deviceId":"io.github.sds100.keymapper.ANY_DEVICE","flags":0,"keyCode":85,"uid":"d088135a-613b-4d9b-ab91-966cd999e937"}],"mode":2},"uid":"56143c46-0d5c-486c-b391-4b89ad34ba91"},{"actionList":[{"data":"52","extras":[{"data":"4097","id":"extra_meta_state"}],"flags":4,"type":"KEY_EVENT","uid":"076d851b-1c0c-4794-85f1-2d4300657ce9"}],"constraintList":[],"constraintMode":1,"flags":0,"group_uid":"fcf5865e-4b2e-40f0-9dbe-0edc75523c36","id":39,"isEnabled":true,"trigger":{"extras":[],"flags":0,"keys":[{"clickType":0,"deviceId":"io.github.sds100.keymapper.ANY_DEVICE","flags":1,"keyCode":113,"uid":"b29ae4ae-71ad-481c-981a-289a3fb97d47"},{"clickType":0,"deviceId":"io.github.sds100.keymapper.ANY_DEVICE","flags":1,"keyCode":59,"uid":"f65addd1-cb97-49f6-bad3-bee06cca7c0e"},{"clickType":0,"deviceId":"io.github.sds100.keymapper.ANY_DEVICE","flags":0,"keyCode":52,"uid":"433e907b-e20b-4371-ac4c-667fc6070d3f"}],"mode":0},"uid":"b8fc02b1-6f34-4f1f-a249-fb551708d8e3"},{"actionList":[{"data":"50","extras":[{"data":"4097","id":"extra_meta_state"}],"flags":4,"type":"KEY_EVENT","uid":"6144706e-fb3d-433b-86a3-9974b9205926"}],"constraintList":[],"constraintMode":1,"flags":0,"group_uid":"fcf5865e-4b2e-40f0-9dbe-0edc75523c36","id":40,"isEnabled":true,"trigger":{"extras":[],"flags":0,"keys":[{"clickType":0,"deviceId":"io.github.sds100.keymapper.ANY_DEVICE","flags":1,"keyCode":113,"uid":"9023203e-c1c9-4152-98a7-b8eef409622e"},{"clickType":0,"deviceId":"io.github.sds100.keymapper.ANY_DEVICE","flags":1,"keyCode":59,"uid":"5072fff8-ce37-477c-8b9a-82d995bcb186"},{"clickType":0,"deviceId":"io.github.sds100.keymapper.ANY_DEVICE","flags":0,"keyCode":50,"uid":"5d409183-aa17-48bc-91d3-6818c50329a2"}],"mode":0},"uid":"dec0141c-9132-47d3-88f2-34c72f192727"},{"actionList":[{"data":"34","extras":[{"data":"4097","id":"extra_meta_state"}],"flags":4,"type":"KEY_EVENT","uid":"eb083de2-8d47-48ef-815c-edeb118bf97b"}],"constraintList":[],"constraintMode":1,"flags":0,"group_uid":"fcf5865e-4b2e-40f0-9dbe-0edc75523c36","id":41,"isEnabled":true,"trigger":{"extras":[],"flags":0,"keys":[{"clickType":0,"deviceId":"io.github.sds100.keymapper.ANY_DEVICE","flags":1,"keyCode":113,"uid":"62bd4019-610f-4a5b-9049-0e75096dff03"},{"clickType":0,"deviceId":"io.github.sds100.keymapper.ANY_DEVICE","flags":1,"keyCode":59,"uid":"f5663461-473e-41ab-b05f-c77fb9bf09e9"},{"clickType":0,"deviceId":"io.github.sds100.keymapper.ANY_DEVICE","flags":0,"keyCode":34,"uid":"ac94fae2-8de1-450c-8c8f-5365e04aa634"}],"mode":0},"uid":"f9c78e58-22c5-47b8-8b28-1b6e0b2d0e0b"},{"actionList":[{"data":"consume_key_event","extras":[],"flags":0,"type":"SYSTEM_ACTION","uid":"5d45e1e2-e1a5-4ef8-a10f-7c0f731713f4"}],"constraintList":[],"constraintMode":1,"flags":0,"group_uid":"fcf5865e-4b2e-40f0-9dbe-0edc75523c36","id":42,"isEnabled":true,"trigger":{"extras":[],"flags":0,"keys":[{"clickType":0,"deviceId":"io.github.sds100.keymapper.ANY_DEVICE","flags":1,"keyCode":59,"uid":"5055604f-1acf-4218-b5a1-2419ca90e4b3"},{"clickType":0,"deviceId":"io.github.sds100.keymapper.ANY_DEVICE","flags":0,"keyCode":113,"uid":"877585ed-1017-4d59-a605-764b993e02be"}],"mode":0},"uid":"c07ef390-b534-42a0-8333-fcb435356104"},{"actionList":[{"data":"42","extras":[{"data":"4097","id":"extra_meta_state"}],"flags":4,"type":"KEY_EVENT","uid":"30ddeb39-c2de-4836-9d87-62e6de1556a7"}],"constraintList":[],"constraintMode":1,"flags":0,"group_uid":"fcf5865e-4b2e-40f0-9dbe-0edc75523c36","id":43,"isEnabled":true,"trigger":{"extras":[],"flags":0,"keys":[{"clickType":0,"deviceId":"io.github.sds100.keymapper.ANY_DEVICE","flags":1,"keyCode":113,"uid":"f61baef6-3e2a-4062-bfc5-0b848fd9a15a"},{"clickType":0,"deviceId":"io.github.sds100.keymapper.ANY_DEVICE","flags":1,"keyCode":59,"uid":"4fbeb32e-ac55-4893-8fa5-4fa16f540069"},{"clickType":0,"deviceId":"io.github.sds100.keymapper.ANY_DEVICE","flags":0,"keyCode":42,"uid":"143cba1f-9d5e-4352-b3a6-ff883e15a533"}],"mode":0},"uid":"c518d69c-65eb-4583-807e-9dac4866b6fb"},{"actionList":[{"data":"54","extras":[{"data":"4097","id":"extra_meta_state"}],"flags":4,"type":"KEY_EVENT","uid":"bc75fae9-846d-4739-ae12-125946897efa"}],"constraintList":[],"constraintMode":1,"flags":0,"group_uid":"fcf5865e-4b2e-40f0-9dbe-0edc75523c36","id":44,"isEnabled":true,"trigger":{"extras":[],"flags":0,"keys":[{"clickType":0,"deviceId":"io.github.sds100.keymapper.ANY_DEVICE","flags":1,"keyCode":113,"uid":"ab6728eb-b1fb-4d29-9e57-f6dddadfbccd"},{"clickType":0,"deviceId":"io.github.sds100.keymapper.ANY_DEVICE","flags":1,"keyCode":59,"uid":"0ff2957f-327e-4aab-a2c5-b7fac8cde11c"},{"clickType":0,"deviceId":"io.github.sds100.keymapper.ANY_DEVICE","flags":0,"keyCode":54,"uid":"6edc2f99-fd6e-404e-af73-b3fecc9abff4"}],"mode":0},"uid":"916b1d5e-e3d4-4fd7-b62d-86c03051fc0a"},{"actionList":[{"data":"45","extras":[{"data":"4097","id":"extra_meta_state"}],"flags":4,"type":"KEY_EVENT","uid":"bfd31f9d-0268-48dd-8c10-5b7edba624ad"}],"constraintList":[],"constraintMode":1,"flags":0,"group_uid":"fcf5865e-4b2e-40f0-9dbe-0edc75523c36","id":45,"isEnabled":true,"trigger":{"extras":[],"flags":0,"keys":[{"clickType":0,"deviceId":"io.github.sds100.keymapper.ANY_DEVICE","flags":1,"keyCode":113,"uid":"bf0f4456-fa7a-43ee-b1cb-f60834bcbc8a"},{"clickType":0,"deviceId":"io.github.sds100.keymapper.ANY_DEVICE","flags":1,"keyCode":59,"uid":"8231daca-a198-4e4e-99bf-e6df83f42e83"},{"clickType":0,"deviceId":"io.github.sds100.keymapper.ANY_DEVICE","flags":0,"keyCode":45,"uid":"05ea3015-fcb4-4d01-bf21-f3feb36918bd"}],"mode":0},"uid":"7286a523-42b1-46e1-a2e0-9162825caa44"},{"actionList":[{"data":"51","extras":[{"data":"4097","id":"extra_meta_state"}],"flags":4,"type":"KEY_EVENT","uid":"8ad9430a-0750-487c-be7f-5bd2b0b543a5"}],"constraintList":[],"constraintMode":1,"flags":0,"group_uid":"fcf5865e-4b2e-40f0-9dbe-0edc75523c36","id":46,"isEnabled":true,"trigger":{"extras":[],"flags":0,"keys":[{"clickType":0,"deviceId":"io.github.sds100.keymapper.ANY_DEVICE","flags":1,"keyCode":113,"uid":"bef0915f-719d-420d-a8f0-c0d3b28f1bfa"},{"clickType":0,"deviceId":"io.github.sds100.keymapper.ANY_DEVICE","flags":1,"keyCode":59,"uid":"f5d98e40-9b2a-4a06-9b6c-250024395da3"},{"clickType":0,"deviceId":"io.github.sds100.keymapper.ANY_DEVICE","flags":0,"keyCode":51,"uid":"ee1f8452-6ce5-47d6-8e76-afae1bba3b31"}],"mode":0},"uid":"13b74caf-8990-4a73-bee4-3ad1b8e341ba"},{"actionList":[{"data":"31","extras":[{"data":"4097","id":"extra_meta_state"}],"flags":4,"type":"KEY_EVENT","uid":"2707e4f1-7d9f-4278-bb5b-855a2469899f"}],"constraintList":[],"constraintMode":1,"flags":0,"group_uid":"fcf5865e-4b2e-40f0-9dbe-0edc75523c36","id":47,"isEnabled":true,"trigger":{"extras":[],"flags":0,"keys":[{"clickType":0,"deviceId":"io.github.sds100.keymapper.ANY_DEVICE","flags":1,"keyCode":113,"uid":"d0f14f2e-4e8d-4bf6-81d3-83b7252941d8"},{"clickType":0,"deviceId":"io.github.sds100.keymapper.ANY_DEVICE","flags":1,"keyCode":59,"uid":"ca213ec2-101e-408c-bda0-fa5f4457cdbc"},{"clickType":0,"deviceId":"io.github.sds100.keymapper.ANY_DEVICE","flags":0,"keyCode":31,"uid":"2ccbbcc7-1cc3-4173-be44-45d34009525f"}],"mode":0},"uid":"6ebcc100-34f6-49d5-a814-c86ec226bd13"}],"groups":[{"constraints":[],"constraint_mode":1,"last_opened_date":1751517191685,"name":"disabled","uid":"e70eb467-8ed7-486e-8200-eaf2b9526c66"},{"constraints":[],"constraint_mode":1,"last_opened_date":1750907156663,"name":"miscellaneous","uid":"a42f13a1-2b0d-4b63-a34a-975154253874"},{"constraints":[],"constraint_mode":1,"last_opened_date":1753346449396,"name":"ctrl+shift","uid":"fcf5865e-4b2e-40f0-9dbe-0edc75523c36"},{"constraints":[],"constraint_mode":1,"last_opened_date":1751923088109,"name":"f-keys","uid":"1ab8d7bd-ca24-43d2-9597-7e3cb7b00a13"},{"constraints":[],"constraint_mode":1,"last_opened_date":1750907156663,"name":"modifiers","uid":"5b3f2fcb-4c92-4c6b-a91b-bcd621cfd173"},{"constraints":[],"constraint_mode":1,"last_opened_date":1750907156663,"name":"alt+q-parsec","uid":"51527a30-eb8a-4e20-be38-69e977d4b3d7"}]}